target,prediction
68.492226, 68.114487
49.628117, 52.416683
201.607483, 196.661118
96.305267, 95.402725
98.458649, 98.235054
274.674530, 253.258621
104.127434, 102.341125
72.801537, 73.224022
87.714500, 84.931686
67.119911, 67.650230
95.856331, 94.886391
73.351616, 74.299995
92.349121, 90.034813
146.875366, 143.048203
218.669495, 218.960251
73.834061, 74.213409
93.248146, 92.147591
73.875023, 73.960083
146.582336, 138.749527
96.254539, 100.994667
142.199203, 140.509872
92.334244, 90.992683
97.755455, 96.716446
66.883072, 67.360558
90.839111, 89.633286
96.773361, 95.168671
155.391754, 154.272858
332.714539, 329.902496
85.066910, 84.278511
144.396759, 144.329468
85.099190, 84.230438
48.280003, 49.964161
97.895447, 97.304497
220.733627, 221.213715
83.298935, 81.354843
227.487137, 217.131943
80.858429, 83.903511
66.915794, 66.787987
48.845940, 50.500576
130.897141, 130.282806
88.834526, 89.134102
83.301781, 82.674522
46.771324, 47.795891
92.818916, 92.515419
95.233139, 95.149689
95.785263, 94.857574
213.717087, 211.052780
46.212635, 47.406261
49.505917, 50.165752
95.121330, 94.833107
170.419434, 162.702744
68.441795, 69.153427
96.321236, 95.451584
184.236053, 180.188095
91.999161, 91.983749
105.988861, 103.207039
175.883713, 179.534943
65.662506, 65.933113
46.247192, 46.575333
96.532722, 96.483475
88.102913, 88.247864
97.532097, 97.116257
49.259430, 50.107197
335.794678, 334.845367
107.091805, 108.658615
27.448887, 23.338242
93.347557, 93.241623
49.636284, 49.861843
91.406792, 90.164719
94.760994, 95.069740
73.855942, 74.318153
95.899750, 95.683708
107.389420, 109.390213
177.956238, 178.701614
172.395050, 165.652985
96.368141, 94.814529
95.487259, 94.870003
89.508499, 89.564819
89.984497, 88.776245
96.809692, 96.016571
95.074615, 93.777466
41.777046, 43.249454
96.677086, 96.299591
98.212036, 97.808197
111.746017, 112.049446
63.015896, 66.524139
67.178833, 67.366188
74.235229, 75.006897
97.951408, 98.131409
73.333710, 74.079857
46.770546, 47.795883
166.053665, 150.801620
79.910683, 78.236816
149.592636, 146.871201
95.483391, 94.327545
95.196800, 110.762634
92.676346, 92.887405
90.000282, 89.385040
32.889759, 33.765583
89.339066, 93.408333
70.888641, 71.534378
138.104401, 122.934624
184.429779, 180.965836
90.023766, 89.265533
96.817078, 95.850784
215.769958, 210.039841
89.597916, 89.778137
190.476837, 195.075928
230.507401, 204.984055
184.426376, 186.112671
84.627113, 83.702049
96.769989, 95.621056
41.153111, 41.925892
83.164810, 81.588150
91.528351, 91.266968
109.672928, 106.958344
37.095768, 34.694355
83.895569, 83.824554
47.766960, 49.459721
94.913612, 94.614746
91.009308, 90.798058
73.974892, 74.344864
97.194809, 96.148483
388.182770, 318.884979
155.443497, 143.707932
74.536888, 76.045013
172.831161, 181.213089
88.382538, 87.952179
94.066788, 93.329956
95.318611, 94.792770
49.527699, 51.199558
48.490105, 49.508442
48.937359, 50.426701
73.407669, 73.264465
99.159187, 98.267715
98.402687, 98.147728
85.276253, 84.394119
93.807205, 93.192795
162.674728, 158.145020
186.359619, 176.633133
49.397011, 50.457161
49.148979, 50.400311
94.643181, 92.334229
93.473450, 93.305298
335.952332, 343.746735
88.830429, 88.814682
49.162113, 50.514400
254.275635, 222.739304
70.290703, 71.125648
96.920555, 96.620804
147.964996, 155.513901
72.688934, 74.027687
49.329918, 50.304470
72.555649, 72.804276
220.978378, 224.522598
73.953110, 73.812637
97.727226, 98.069931
89.449821, 88.422974
73.445450, 73.840630
114.902435, 111.954590
179.631668, 196.821182
114.597069, 114.882584
45.321819, 46.630253
73.106842, 73.277130
207.127304, 203.139862
74.237930, 75.028122
204.279251, 206.346848
45.788807, 47.004883
113.576378, 111.492210
48.440376, 50.042545
48.454369, 50.377953
237.820877, 236.913208
93.764862, 92.852684
167.392838, 160.912994
89.733528, 89.861061
143.384720, 138.652725
95.896461, 95.621002
48.977322, 50.227840
93.094177, 92.730515
97.371407, 97.237595
117.885094, 117.539490
73.585213, 73.746368
337.830963, 338.202972
174.080200, 175.751755
95.831963, 95.442139
141.539963, 138.842117
74.368713, 75.301399
93.849869, 94.202080
167.260574, 177.465927
94.965134, 93.633026
152.326782, 146.351318
85.976051, 85.926491
93.456474, 93.699631
138.163483, 133.901031
95.773155, 95.411041
153.403687, 157.084427
47.680264, 49.488178
95.879883, 95.750168
47.122318, 48.580143
134.180283, 135.158157
132.913559, 134.416885
203.256134, 201.885971
137.639313, 134.049408
95.233246, 95.149765
74.596016, 76.316696
146.800980, 148.484100
94.151245, 97.067459
97.247948, 96.123535
102.670013, 106.560196
74.445534, 75.349228
73.577637, 73.899078
45.216095, 46.035603
186.514023, 190.213821
82.044853, 79.305840
49.500229, 50.450642
99.115700, 98.415306
143.668152, 140.955704
87.956268, 88.601608
148.455063, 143.193863
40.785164, 40.182243
93.676949, 93.322006
98.697395, 98.236961
86.385681, 86.001755
139.924362, 137.401718
97.023026, 97.440811
73.207718, 73.230431
87.665474, 88.002869
75.359840, 78.050339
70.441818, 71.500793
287.747986, 287.433014
47.775425, 49.216763
378.726013, 358.414001
106.146118, 106.523018
96.228210, 95.732132
123.616463, 123.450508
104.653580, 103.264450
109.759415, 111.105820
68.246078, 68.107117
48.106224, 48.918842
72.459801, 73.095230
74.214622, 76.103294
98.309731, 97.918388
48.280518, 49.172779
194.067841, 187.471588
84.394142, 84.707901
89.117287, 88.755814
108.034676, 105.349762
93.975731, 92.739212
37.973179, 39.549927
36.201981, 37.195110
73.269913, 73.988815
94.992332, 95.232895
91.580460, 90.278366
73.432678, 74.024811
94.958199, 94.911911
323.897339, 331.105194
95.879463, 95.465027
96.903191, 96.240494
98.925926, 98.212997
95.368294, 94.732826
95.690552, 95.041763
88.103333, 87.552315
89.200882, 89.330490
93.139603, 91.617561
48.841564, 49.601498
98.339378, 97.467590
93.314621, 93.460770
49.469925, 50.244583
97.149529, 95.869713
73.707985, 74.183525
72.322960, 72.704323
68.730202, 69.618629
96.905022, 95.489525
141.106064, 145.085541
73.225494, 74.153328
82.531700, 82.953033
92.073479, 91.499649
103.375397, 108.112015
49.737701, 51.154484
94.565552, 94.469635
177.316849, 178.107773
59.783272, 60.283634
66.330345, 66.504051
85.728188, 83.327744
69.174828, 70.383652
90.113518, 89.208038
92.057625, 91.460052
48.571827, 49.226780
73.374657, 74.103188
66.334419, 67.022034
87.154503, 85.953812
46.770878, 47.795765
72.754395, 73.043335
77.628548, 78.161743
72.396782, 72.801315
91.045921, 89.987999
87.885414, 88.740288
92.148567, 91.440483
95.112419, 94.197983
94.288719, 93.746155
159.389786, 150.487320
218.313293, 204.815125
98.044785, 97.322800
87.014153, 88.807465
96.280815, 95.881516
219.138153, 217.757294
69.148857, 70.108803
48.483093, 50.206375
144.091522, 142.768478
96.845833, 93.937790
55.300644, 56.511524
71.686485, 71.994980
93.787071, 92.081047
67.877533, 68.773376
94.658569, 93.771774
179.813919, 176.246567
86.466423, 86.667953
87.121094, 87.013947
146.285965, 146.890976
72.329536, 72.638229
88.492622, 88.098900
94.280701, 94.393433
95.510056, 93.029816
110.302666, 107.468887
97.470375, 101.008919
74.244492, 75.080498
147.417007, 143.517914
90.347954, 90.020134
175.930389, 173.072327
83.531410, 82.210281
91.841957, 91.610077
72.901367, 73.161407
73.928627, 74.151413
92.723480, 94.078232
85.844177, 86.053421
97.733261, 97.814590
144.731537, 131.917694
183.738358, 176.373535
103.921684, 107.186081
73.888512, 75.444397
96.192261, 95.505844
96.699440, 96.835518
73.036278, 74.097466
337.975464, 336.124176
49.696373, 49.909061
47.715645, 49.156971
36.958073, 38.533737
88.016785, 87.433830
96.892860, 96.391525
45.256710, 44.701382
89.700768, 89.614281
94.456070, 93.445045
43.198902, 45.334919
97.227097, 97.473946
170.771942, 173.314056
192.216492, 189.970810
203.568253, 204.463730
86.446205, 86.741425
96.785004, 96.529541
66.989174, 67.303276
324.203339, 329.373352
92.555328, 91.904404
89.885757, 89.460907
91.985214, 91.585663
96.049927, 95.336731
63.586971, 65.841492
73.345535, 73.422073
70.191383, 70.831490
98.606781, 97.457542
72.030228, 72.312653
166.534439, 168.418442
143.883850, 144.716553
74.077896, 74.256210
97.445862, 97.039536
88.504539, 88.839447
333.070221, 345.115692
47.615398, 48.608158
73.757492, 74.912979
147.986298, 155.093201
241.023697, 239.401352
92.166924, 87.027908
73.104889, 73.331070
167.811707, 170.996506
73.261871, 74.428032
73.939133, 74.645248
192.043274, 193.986343
97.287445, 96.931793
285.416016, 301.035217
67.484367, 68.309753
72.302048, 72.191460
183.760941, 186.188766
95.505486, 95.446381
141.122345, 141.299759
85.089424, 85.000153
86.861343, 86.500137
49.473724, 50.310337
73.544937, 73.584000
96.568596, 95.575890
95.102478, 94.093063
96.024017, 95.795265
96.811478, 95.589279
74.453125, 75.412170
48.715816, 49.937977
96.343994, 96.458923
93.151802, 86.882774
111.244255, 112.326996
86.980095, 85.849297
97.189575, 97.059647
93.172379, 91.865356
91.898781, 90.613113
95.377930, 94.809029
94.556953, 94.212357
69.498657, 70.763290
41.674473, 43.303783
89.538139, 88.886696
93.033096, 92.636780
90.454399, 89.480042
86.618324, 85.983131
90.612930, 89.906754
73.619492, 74.726135
163.451904, 160.943375
92.886971, 92.916870
176.971512, 178.770966
88.698639, 87.783966
275.754120, 290.910583
92.716713, 91.832741
136.695435, 139.690231
94.077309, 93.142250
49.428822, 50.989040
74.092033, 75.172562
92.876160, 92.276581
92.014442, 92.267982
74.172653, 74.890671
49.308819, 51.170536
90.399498, 89.067978
49.776196, 51.155258
89.994476, 99.948242
73.180000, 73.544884
73.403572, 73.991119
82.759491, 84.249161
70.891304, 71.267273
179.684769, 177.243881
96.812340, 96.612518
95.894569, 95.324188
220.754990, 247.130142
94.254608, 92.396660
92.267975, 90.631126
99.026863, 98.365936
32.049164, 35.407574
288.645447, 282.687469
94.735641, 94.031853
145.638794, 145.064438
95.244125, 94.202393
46.991535, 47.580276
96.147499, 94.616463
95.294479, 94.800186
95.233582, 95.149666
95.776917, 95.722809
140.212952, 145.544113
97.654526, 97.449646
95.795235, 94.062859
203.758728, 206.315140
167.465378, 171.673447
45.881073, 46.351795
88.111671, 88.101440
96.431190, 97.109924
72.979179, 73.833321
285.005493, 212.766464
66.601173, 67.538895
88.363091, 87.231613
66.808838, 67.521530
364.778381, 352.780792
94.426163, 93.909683
186.972717, 184.005981
46.931896, 48.165997
307.421875, 298.661896
44.720592, 47.163616
49.020676, 50.372898
96.644905, 95.698898
65.605034, 65.531059
97.954605, 97.637283
220.636505, 216.482651
74.073265, 71.619247
98.966377, 98.297958
73.965538, 74.561546
94.627731, 93.626907
73.309937, 73.560654
74.079277, 74.915146
172.341675, 174.509018
93.513557, 92.481750
240.993591, 242.134003
395.348389, 328.593323
99.323593, 98.241020
94.113213, 91.503006
90.893311, 90.698494
45.650486, 47.105083
85.278320, 85.459732
142.238754, 140.196976
145.086975, 144.821671
74.506226, 75.826363
99.161201, 98.403732
84.607399, 84.886353
98.091797, 97.466080
98.117989, 96.971085
92.428406, 91.820816
87.098999, 87.140305
99.335304, 98.829041
114.529854, 120.853394
49.077095, 50.864300
98.468292, 97.895752
87.217400, 88.061493
167.639633, 163.791061
74.455666, 75.050041
92.367218, 92.915459
87.524879, 87.348961
235.738281, 234.868820
72.885017, 73.129135
73.593506, 73.536331
47.952869, 49.230015
441.092926, 288.315857
465.612793, 346.146576
95.691063, 94.665588
97.279030, 97.244843
73.629303, 74.124115
72.975456, 73.296700
94.808121, 94.510643
92.266640, 92.081879
88.925720, 87.520798
66.091522, 66.256500
183.836243, 182.730576
183.434464, 184.855301
284.924103, 283.339630
117.038010, 116.114510
82.573654, 81.365356
51.467960, 52.689972
47.188030, 47.985683
238.012558, 234.056671
47.535370, 49.143314
87.425140, 87.801712
90.957977, 89.927277
74.246361, 74.758621
235.948425, 234.924118
80.272980, 79.343933
46.626450, 47.840488
68.405823, 70.068779
48.225048, 48.680233
126.666878, 122.553284
45.652092, 47.105083
74.062759, 75.052063
168.061829, 169.269455
48.963417, 49.366337
67.059006, 66.152557
83.330330, 84.010941
244.397018, 246.586563
234.973785, 235.512161
94.164665, 92.126015
46.762463, 49.660278
96.277435, 95.409920
150.139130, 149.359451
94.177643, 93.993347
205.383652, 204.499435
96.272247, 95.712448
146.704025, 146.644363
84.269424, 83.402374
83.297798, 81.355576
48.327480, 49.436218
121.522461, 119.744087
185.325409, 185.827698
96.560692, 95.998276
112.554924, 111.706825
91.557503, 90.685486
94.140686, 93.495239
49.038120, 50.346981
61.137924, 61.323406
89.946564, 89.524078
91.575760, 90.763626
94.000946, 93.040619
90.048851, 89.809280
86.789612, 86.322662
338.073395, 334.603302
49.527798, 51.199295
309.701111, 313.563019
95.998169, 94.916168
163.924484, 158.318863
99.059242, 99.174568
70.074074, 70.714569
219.851532, 221.929321
83.065041, 82.077576
329.663666, 332.769562
72.999474, 73.353188
71.599648, 72.544937
186.554199, 182.582993
96.696060, 96.581009
152.583679, 158.620270
141.028717, 141.048218
99.639503, 98.890427
95.774368, 95.100975
118.028221, 114.254555
110.192520, 107.285835
90.051712, 90.328720
95.447212, 95.398598
60.866150, 62.425865
49.706085, 51.271870
146.988556, 145.821747
68.254593, 69.217667
96.413513, 96.031723
89.313019, 88.136169
72.979027, 72.779388
93.855293, 93.344780
112.491379, 112.816818
143.309830, 141.169907
96.795746, 96.289154
95.915428, 95.696884
73.975105, 74.775391
72.639397, 73.545097
49.033997, 49.615147
147.377808, 146.472092
81.945541, 79.866455
90.255188, 89.793198
112.955452, 118.277496
66.594299, 66.475235
49.736408, 50.907276
89.696854, 87.908401
90.246277, 89.381119
73.296280, 73.760750
16.562351, 18.921946
97.123810, 94.858994
325.147888, 316.618011
219.516678, 221.402527
96.369720, 96.316620
93.949677, 92.603920
69.528053, 67.896622
73.913109, 74.052681
86.704147, 85.363220
184.943100, 186.714493
48.643543, 49.785080
73.722107, 73.915794
106.267242, 108.557907
47.427547, 48.882931
94.889168, 93.896759
70.961098, 71.496262
90.269585, 87.899918
49.106350, 50.054737
90.569992, 91.223618
87.564201, 88.350891
294.167358, 310.974396
70.611130, 71.634209
82.357040, 83.024498
94.917702, 94.413872
98.881584, 98.955200
49.522854, 51.526661
96.573776, 96.913513
94.600739, 93.750267
45.396385, 46.238995
62.201515, 63.912922
88.556450, 87.413223
91.688484, 91.388367
87.148697, 86.105423
227.644745, 233.871017
97.234756, 96.707382
86.996567, 86.714142
483.518463, 347.472504
73.597122, 73.962891
48.756039, 50.994278
69.067604, 70.217361
93.624802, 92.072075
69.278244, 70.224213
91.281380, 91.084427
207.337448, 209.208633
96.707977, 95.751968
98.797577, 98.000999
74.561394, 75.651321
180.934265, 178.188705
141.313873, 141.933792
284.899414, 224.459702
40.035480, 39.434433
103.599709, 101.706177
97.719971, 97.687508
377.563751, 338.300293
106.706047, 106.542313
74.057816, 74.802780
184.071915, 182.398819
96.317459, 96.228333
49.179779, 49.990406
94.463203, 93.544441
98.974251, 99.072701
67.659813, 68.390671
191.126678, 191.879684
74.041656, 74.546021
97.133095, 96.608704
92.219002, 91.559570
95.143852, 94.826492
96.090202, 95.674934
73.114418, 74.191833
137.742416, 139.847534
89.433403, 89.820007
73.218437, 73.376419
72.227707, 72.513786
66.349976, 66.967407
197.793320, 200.846405
177.896545, 172.073074
97.151276, 96.624290
189.395981, 191.070923
87.957191, 87.722000
171.699127, 159.454300
93.610420, 93.902847
168.814850, 125.843063
48.024616, 49.208538
148.864456, 147.002884
71.446014, 72.372780
46.874195, 48.367382
95.975082, 95.889320
72.653419, 73.239609
43.459000, 44.965191
132.615753, 128.776230
123.474716, 123.449493
73.556465, 74.061203
92.573135, 91.414368
89.752769, 88.832886
275.739807, 289.507904
238.015060, 234.617386
218.284363, 215.292511
92.803429, 93.018875
94.591263, 93.841957
97.140030, 96.469833
68.647812, 69.301888
108.609840, 107.103096
151.233810, 150.594437
73.011673, 73.775673
94.225731, 91.385788
571.942261, 351.124939
93.230995, 92.943405
136.207260, 136.510559
44.851761, 46.008892
328.998291, 327.750549
97.169937, 96.057388
48.983276, 50.775097
71.458153, 72.146332
83.075455, 82.683640
87.171959, 85.887779
95.631042, 95.347870
48.842682, 50.212330
328.499542, 317.497223
80.469238, 79.006630
40.071957, 39.884579
47.622284, 49.521851
183.443283, 185.299332
247.063675, 249.454803
73.982452, 75.062317
97.414513, 96.495750
85.256233, 85.264664
257.324310, 247.392334
154.782257, 149.068649
115.309265, 119.813858
95.658951, 110.220154
96.335953, 95.838120
96.676231, 96.300018
49.686508, 49.997875
146.665253, 145.218246
99.588310, 99.122498
111.300583, 100.835480
185.271210, 185.275040
93.215057, 92.688774
47.619888, 48.637627
163.283188, 159.123260
72.274384, 72.953918
48.299011, 49.241821
45.985855, 46.613960
99.974983, 98.245743
96.446342, 95.014183
92.047081, 90.800972
48.715748, 49.938080
135.518829, 132.314728
143.976151, 151.496933
98.444748, 98.597305
94.282684, 94.154221
89.103455, 88.446289
331.030670, 339.784760
146.979187, 145.051270
48.546574, 49.739529
98.878197, 99.005936
74.265182, 74.865372
90.311356, 88.550209
89.816551, 89.459457
97.821007, 97.896515
68.846497, 69.579681
143.736893, 143.501511
91.768768, 91.793663
69.386696, 69.048111
88.463020, 88.162041
70.105629, 71.341370
187.962448, 186.872269
44.278091, 45.273174
73.534386, 73.178001
72.630280, 72.658264
96.675720, 96.170708
73.399521, 73.607574
91.577782, 91.635902
144.768951, 122.424187
72.643028, 71.771286
72.673233, 73.660301
148.966797, 140.376450
146.055573, 142.976181
179.444351, 180.781540
113.125496, 114.988403
70.967407, 71.295532
147.528519, 146.793472
464.150787, 342.223572
49.370594, 52.174286
48.795528, 49.881939
47.774231, 48.835934
72.173737, 72.255882
69.467369, 70.350243
71.575325, 72.137444
62.836105, 62.843887
96.060440, 95.326759
235.912643, 236.305130
96.568382, 94.020004
97.641205, 96.207199
94.036880, 93.743698
97.311684, 96.935951
46.229546, 47.345539
95.937202, 95.377235
98.521210, 98.017799
64.784760, 65.107368
92.568695, 92.619659
38.380512, 39.221283
49.430340, 50.425404
97.169930, 96.960876
86.195595, 85.619217
195.413254, 182.566223
68.154594, 68.896042
95.780617, 94.734245
74.571510, 75.655838
220.083527, 224.712234
94.120071, 94.206070
73.546181, 73.417053
239.754135, 240.487793
95.871277, 95.103287
49.407204, 51.469807
48.132538, 49.777504
192.637253, 194.810608
73.872002, 74.698364
74.422943, 75.475883
98.921989, 98.398148
49.333103, 49.831203
92.093567, 90.696404
98.403091, 97.843887
226.972870, 230.809784
72.708588, 72.953766
73.872734, 75.241486
92.542572, 92.104507
99.325485, 98.298691
94.790047, 94.398445
93.462601, 92.865021
41.313953, 43.035660
48.198280, 49.911682
135.151901, 117.245552
275.224396, 235.311981
94.191986, 93.308395
97.576317, 97.228058
156.428375, 155.775650
92.048019, 91.890839
73.565025, 74.007904
162.211044, 167.320786
89.478172, 88.665535
84.472572, 84.721840
84.435608, 125.718506
95.273849, 94.932587
73.975456, 74.136642
156.472748, 159.456879
85.468369, 84.850266
103.879677, 105.728500
70.624649, 70.383369
46.410854, 48.536491
96.024467, 93.013405
227.642715, 224.385941
71.051804, 74.924484
47.172260, 47.783123
146.434052, 144.759811
48.425827, 49.646717
171.325897, 163.324799
63.260487, 64.336479
97.184891, 96.714485
71.688507, 72.772888
43.990597, 43.750370
194.516876, 196.463730
44.986187, 46.133595
95.468391, 94.966873
99.105934, 99.533730
45.997524, 47.498390
71.077614, 69.356163
99.062729, 99.290794
204.303528, 204.598816
303.997314, 294.582428
145.247375, 124.464195
73.623184, 73.820305
115.865944, 114.692924
97.621399, 96.941376
86.195244, 85.889771
85.892982, 85.514206
73.870918, 74.483238
236.787613, 237.633011
98.035736, 97.973755
92.240555, 91.189171
37.607002, 38.362762
290.704895, 299.792145
290.577240, 315.049194
94.616646, 94.756027
174.266129, 170.182785
96.127037, 94.233971
97.711700, 97.233307
221.108658, 233.219345
221.742111, 225.046524
98.995201, 98.129105
95.632202, 95.167435
82.210098, 81.801460
98.694901, 98.236618
73.928223, 74.494873
99.906570, 102.082047
87.734467, 86.594269
113.440750, 114.364883
495.376831, 367.371094
91.811432, 89.342178
49.155338, 50.054298
98.188843, 98.169350
73.505905, 67.663635
93.463173, 92.417099
48.522873, 49.063320
89.954910, 90.194130
139.351807, 136.374344
107.342316, 107.853004
96.618172, 96.090027
48.737648, 50.768414
45.650986, 47.105083
91.780777, 91.183517
144.384842, 148.336258
41.672417, 43.303783
98.704697, 98.389603
97.381912, 97.125793
73.906601, 74.828758
73.819046, 75.095352
73.900520, 74.039154
118.280426, 116.362091
97.763092, 97.804565
74.311890, 74.473648
69.806107, 70.466919
96.113174, 95.114624
98.845032, 98.006767
94.145920, 93.124023
44.987865, 46.133556
96.075058, 95.990616
95.950371, 95.354439
218.137619, 220.210831
103.922195, 107.699783
90.042496, 90.042290
90.250755, 89.248611
96.230385, 95.496689
139.927963, 137.102615
96.351501, 94.745758
73.924316, 74.240509
89.642563, 89.298317
96.883316, 96.828003
97.034271, 96.586647
90.544868, 90.550049
75.707870, 76.975296
93.668762, 92.979004
74.186127, 77.109863
93.648460, 93.635284
45.921600, 47.201778
90.002853, 89.844803
81.377838, 80.092224
81.199615, 81.328056
147.114624, 147.062607
144.262909, 142.689560
146.692215, 145.672318
185.725952, 186.745377
47.837608, 48.965801
72.374649, 71.985451
219.011536, 222.480423
95.485596, 94.869980
55.966240, 53.465939
219.439270, 221.302597
104.666672, 97.924667
343.387787, 360.252563
143.526443, 142.087173
80.867287, 81.350220
93.582581, 92.971375
45.548920, 46.493313
82.250999, 82.126801
94.259003, 93.495819
147.511993, 152.883133
102.084389, 106.426086
49.090027, 50.947346
91.944412, 92.209045
73.394936, 74.059425
94.789948, 93.767662
213.446671, 212.598282
91.877014, 90.893707
94.490189, 93.250626
322.429962, 305.595367
191.251678, 192.610382
74.201439, 74.853638
67.359177, 68.159477
98.883842, 98.795258
94.617638, 94.540451
94.108803, 93.993195
92.038513, 91.335793
122.901588, 123.516541
98.626709, 98.557022
70.597656, 71.872658
180.322739, 181.463898
93.226303, 91.510544
98.812767, 98.218773
207.425293, 207.613785
147.233688, 147.436996
97.801277, 97.729271
97.240189, 96.314957
97.478668, 97.091980
88.797180, 87.972702
94.539597, 93.389542
97.204597, 96.611855
66.467438, 65.948517
90.041870, 90.042465
98.481827, 97.862007
96.441994, 95.933411
94.298332, 93.951813
98.287239, 97.504135
43.011738, 44.563904
72.321396, 72.509598
88.802620, 88.720345
92.395256, 91.397980
27.613945, 28.282717
141.501007, 149.858658
94.548431, 94.100441
182.555588, 180.324509
71.156731, 72.527145
93.088158, 92.291382
93.427574, 92.932938
99.049767, 100.014832
80.320045, 48.191505
98.288795, 98.607582
84.500114, 84.340683
87.145851, 87.165787
310.781097, 317.956024
73.113274, 73.441818
99.073517, 99.196396
107.571922, 110.119255
182.018112, 182.521469
94.281822, 94.154221
93.900803, 92.805511
73.522964, 75.008301
336.216370, 336.258575
392.717987, 354.933380
72.842873, 71.854996
93.365288, 92.638817
387.673096, 338.456299
96.674843, 96.170227
239.450455, 227.675613
90.793320, 90.796921
207.119339, 221.922424
72.787170, 73.392433
109.681595, 111.860794
49.428822, 50.989735
142.888672, 126.276024
49.090183, 50.947174
97.110435, 96.554482
85.614609, 85.455475
89.011360, 90.383041
90.198891, 94.723480
96.496239, 95.667160
95.701309, 98.896652
81.981194, 80.662384
109.677551, 111.859550
74.144699, 74.380661
90.936279, 90.287018
183.466095, 169.337051
91.293770, 90.899918
95.290810, 94.899422
96.646065, 95.875381
48.790501, 49.969654
95.328392, 94.357315
291.015503, 297.251404
148.723404, 146.714203
192.105988, 190.840683
93.422470, 91.189957
93.138153, 91.866760
73.625786, 74.204651
96.779755, 97.095673
98.888016, 98.591812
221.808304, 225.404129
484.553741, 347.584167
95.216751, 94.915848
95.645645, 94.927780
49.338135, 50.682793
159.651703, 167.070023
98.035423, 97.881714
95.934052, 95.376694
92.392212, 93.286423
99.019913, 98.442787
92.427864, 91.863998
81.777954, 80.321686
49.296898, 49.897076
91.991318, 91.504257
98.610580, 98.799820
47.283978, 48.445049
94.090263, 93.322632
73.552948, 74.209274
99.432083, 98.157547
87.293144, 85.740105
73.466888, 73.519150
89.526955, 88.496979
172.104477, 160.856430
174.155807, 174.638016
90.122406, 90.758240
195.764282, 195.630981
88.993431, 88.948418
97.652519, 97.132156
89.559540, 89.354836
93.779160, 92.763252
96.817368, 95.850342
132.481995, 134.668472
96.510643, 95.714355
191.997025, 188.149460
77.672768, 77.587708
167.299377, 167.709976
87.751343, 85.917252
335.378265, 343.365204
93.277901, 93.321381
94.846703, 93.811325
83.296669, 81.355179
152.195328, 151.343277
138.651611, 137.546326
92.395103, 88.527016
95.124504, 93.496567
90.713295, 89.956856
95.087296, 94.851990
93.130325, 93.629463
39.258385, 42.463932
89.860870, 88.508774
89.124199, 88.745239
336.401794, 346.529877
94.351082, 94.612877
99.168480, 99.077515
74.395073, 75.786606
148.351761, 156.882919
133.265457, 133.299881
65.013931, 65.506454
73.896065, 74.211426
95.588272, 94.621414
91.811378, 91.810730
179.691315, 183.255692
95.611931, 95.191940
48.940651, 49.556534
94.408478, 93.926239
84.934021, 84.615829
92.856117, 92.600685
85.651276, 85.925186
87.408020, 86.851395
114.680748, 114.115417
180.405350, 177.532364
74.222572, 75.173080
95.525429, 93.649086
389.662811, 350.906433
145.583817, 145.966721
224.452301, 226.510605
73.797478, 74.731628
109.810860, 108.135620
98.809433, 98.206650
37.932838, 38.759457
147.207108, 148.639236
113.653992, 114.392670
74.201553, 75.231178
144.328918, 141.877472
67.530434, 67.404068
91.850182, 91.519753
354.646301, 360.714783
97.958618, 97.878113
93.946144, 93.977058
73.933044, 74.149361
187.914597, 178.425690
46.604103, 47.263836
305.872864, 304.620026
92.310822, 91.776909
70.355690, 71.159637
149.469131, 144.426529
96.040558, 94.163322
73.189247, 73.922150
96.370346, 94.814529
135.349945, 121.614594
96.490746, 96.146362
73.933159, 74.062744
98.975067, 98.411957
86.109161, 85.699303
49.123226, 50.667896
36.188099, 41.441322
93.992386, 93.181427
48.763840, 49.427692
196.466644, 188.859756
88.354591, 87.774124
91.196075, 87.548401
236.781876, 237.662750
109.597313, 110.274406
98.894463, 98.309349
92.679031, 91.514015
166.092010, 155.882629
96.455063, 96.124886
86.045982, 85.396088
108.853539, 110.966316
98.934143, 97.892754
92.637848, 91.609543
98.992332, 98.237518
187.419800, 184.733017
90.643654, 89.452652
75.243523, 79.618835
594.332458, 344.653473
49.185272, 50.517803
91.614014, 90.286682
92.844048, 93.089058
94.442505, 94.190697
96.753014, 95.517853
49.228546, 51.344440
280.429993, 259.303558
148.536194, 147.732147
204.246872, 202.960159
252.944962, 258.028229
193.555466, 195.664474
99.502174, 98.823654
70.713402, 72.469307
107.824265, 107.776985
44.653309, 46.208828
138.820969, 87.778229
73.387711, 73.617447
90.831161, 90.555328
90.383385, 90.334412
64.615005, 65.409729
72.283318, 72.662422
73.499725, 74.377869
159.604507, 159.362045
98.521446, 98.418404
97.304092, 97.033730
134.149002, 132.540604
38.367599, 40.689098
95.515709, 94.756561
94.124161, 93.406937
114.870140, 115.857841
185.911804, 183.609512
226.837082, 231.110306
98.978851, 98.790184
107.436188, 106.415344
90.771759, 90.022018
100.988602, 105.648941
145.832382, 142.281540
73.909630, 74.472359
95.304939, 95.289047
47.622841, 49.525074
97.118530, 96.122772
74.429756, 74.876892
134.061081, 131.893677
93.065544, 93.409775
95.609200, 94.580391
114.245659, 113.978806
142.875641, 140.384842
337.979462, 336.195648
219.745453, 216.509125
212.104126, 198.574326
96.148926, 95.367699
283.483765, 300.403107
91.090782, 90.020081
204.591385, 205.161209
97.430161, 96.914444
143.244019, 139.560928
90.835564, 90.740311
321.187073, 310.031952
92.756104, 91.710785
73.808029, 74.233238
75.463997, 72.338036
89.618813, 89.016266
90.679482, 90.148880
48.699303, 50.128361
116.479378, 115.560150
97.801384, 97.729507
92.428391, 91.001595
71.014099, 72.291702
159.038803, 155.377701
95.490242, 94.611534
97.982262, 97.762985
90.706558, 89.601486
143.382797, 138.532928
110.731613, 108.339386
137.080872, 135.336639
58.591637, 58.872540
71.711853, 72.164299
93.710236, 92.696304
115.727905, 115.269974
113.180473, 112.663177
91.185356, 91.047577
137.176453, 137.022842
70.816307, 71.029266
96.583687, 96.362427
96.540390, 96.288757
98.893036, 98.355110
98.191971, 98.165871
96.505409, 95.972809
92.930672, 91.931992
96.856796, 96.323929
237.594360, 236.574326
95.403435, 94.348129
49.712921, 98.585938
73.680946, 74.423264
94.839455, 94.456528
92.004082, 90.330696
218.023499, 211.440292
33.333977, 21.154284
97.033379, 96.320557
97.954681, 98.216980
144.388626, 142.986542
73.699974, 74.223228
67.717010, 68.210007
82.917671, 82.567589
93.529442, 93.307938
73.725304, 73.782249
39.558117, 41.203651
147.074799, 147.157990
335.794647, 334.844971
87.741318, 86.676201
92.790688, 79.752968
47.274303, 48.205803
48.438606, 49.681293
95.320404, 94.792931
132.890640, 136.319412
99.167519, 99.832443
70.946510, 72.455322
97.006363, 94.834175
71.150146, 72.119858
142.985977, 144.133163
97.123726, 96.087242
139.958008, 139.241104
189.676910, 190.120346
95.912056, 94.824066
90.801552, 90.723572
107.376305, 106.997803
97.584419, 95.948807
153.324066, 167.621933
73.434586, 73.785278
93.083885, 92.317337
61.825851, 44.995220
94.370605, 93.803238
140.385010, 140.878586
183.811890, 183.061142
86.674698, 87.621696
148.527878, 147.465134
72.129166, 72.887390
49.111240, 49.911484
90.859833, 91.200226
73.050941, 73.041679
90.318771, 89.665276
94.792648, 93.702301
90.273811, 89.783791
71.330498, 71.639854
93.597664, 92.488235
87.913147, 87.156708
48.333675, 49.538074
48.853695, 50.249699
93.531929, 93.500946
41.267525, 43.937096
194.905472, 190.667969
48.119175, 48.632168
147.483398, 146.608795
47.107891, 49.335052
167.664459, 159.679611
97.992928, 97.388847
73.444221, 73.614403
140.697678, 138.652359
47.367966, 48.886463
303.657715, 303.147461
104.813377, 106.475616
195.078812, 189.369156
97.582542, 97.953247
88.424591, 87.555283
93.672729, 93.085526
74.209267, 74.501167
96.241127, 96.330933
45.847935, 47.614540
97.625305, 97.390442
95.855156, 95.439438
238.563721, 235.895554
74.062042, 74.424202
73.823654, 74.567856
73.971268, 75.036812
72.554138, 72.406334
466.547394, 360.622589
253.000488, 259.005035
194.798645, 191.007492
90.379829, 88.439438
73.698929, 74.023056
96.496254, 95.206619
48.198528, 49.911682
90.796585, 89.353088
89.749557, 89.717041
73.297066, 73.638336
73.711830, 74.022255
89.340210, 88.041931
208.155899, 218.470901
94.700027, 94.063309
66.234360, 67.514252
139.070984, 139.139862
95.903412, 94.155067
143.024979, 144.687515
74.074562, 75.093811
143.442535, 144.385300
85.075615, 81.075897
105.553413, 106.762283
70.734940, 71.871315
191.172852, 174.327133
73.568970, 74.038734
73.442291, 74.733414
72.561935, 73.188728
96.222656, 95.707993
73.328499, 73.762596
139.851776, 137.082672
47.773838, 48.835976
86.649445, 86.917175
44.395634, 46.561096
44.857487, 46.724682
116.693077, 117.434677
87.169128, 86.168297
69.898636, 71.260780
96.856010, 96.600418
393.226471, 352.105286
215.121292, 208.823532
94.591568, 93.985123
95.067772, 94.085068
245.508575, 245.258316
145.143295, 147.095230
97.342117, 97.028870
92.355644, 91.256523
53.021885, 53.920036
87.854614, 87.435349
193.565216, 194.800156
94.791489, 94.426147
99.083389, 98.383881
145.479309, 145.120438
49.141655, 50.844692
93.939880, 93.374680
88.654129, 86.878944
93.566788, 93.088997
45.378960, 46.246014
73.586105, 74.489487
98.517776, 98.315063
139.064453, 143.936142
95.109261, 94.410477
88.006805, 86.943382
67.283867, 68.156952
93.020927, 91.871994
94.908653, 93.847519
73.952713, 74.701920
92.063599, 92.320786
90.865402, 90.130035
98.925217, 99.059036
95.850655, 93.650009
99.011971, 98.234306
91.359901, 90.257523
237.589310, 236.253128
68.279495, 69.461777
95.994797, 96.169907
94.501648, 94.886215
238.152847, 234.722733
91.961136, 90.750496
48.323723, 47.876358
179.676910, 181.550064
49.481812, 50.379086
95.061478, 94.372871
82.022072, 82.439041
97.407349, 96.760849
215.670319, 211.552475
70.547997, 71.773529
73.926704, 74.346832
119.730583, 117.594421
94.268044, 93.721893
93.760895, 92.051025
90.343979, 89.152542
126.560989, 125.543854
102.975548, 100.170029
97.996376, 97.660042
73.324532, 73.733978
96.178673, 95.809662
66.288055, 66.340210
218.883835, 216.007889
165.989822, 170.924835
87.916245, 88.385750
94.560623, 92.862389
44.697849, 46.637390
84.923515, 83.826088
146.994904, 146.476242
148.245209, 149.015640
99.461311, 98.191620
73.039909, 73.484100
92.015396, 89.989235
94.406525, 93.400810
93.572899, 92.244736
96.213913, 95.494835
98.359535, 98.528175
156.787613, 161.760712
98.383301, 98.031181
182.442551, 184.928268
97.762138, 97.341667
111.792732, 112.242783
184.370651, 185.697723
88.877846, 88.157120
336.653503, 330.073944
181.550644, 183.535446
93.461891, 92.959854
95.026649, 94.616348
63.516693, 64.278488
99.331085, 98.670082
88.045738, 87.416595
48.857365, 50.477482
93.090042, 92.704041
72.907928, 73.528900
62.620853, 49.872303
87.929108, 86.410583
94.632202, 94.478409
94.999634, 94.871521
96.566727, 96.396362
72.924606, 73.683357
72.915024, 72.672073
83.204590, 81.433342
74.153282, 74.059891
85.098228, 85.339043
88.056068, 89.491455
93.741341, 92.917725
94.964958, 93.608513
49.696423, 49.909061
172.216721, 172.383865
90.924744, 90.716362
89.275360, 89.711136
48.709465, 49.797382
93.946419, 93.875122
48.530373, 49.804996
95.651917, 95.407234
80.216339, 78.344002
30.476414, 31.916292
95.060661, 93.818901
99.179306, 98.374504
89.218643, 89.031631
49.514023, 51.194691
73.644844, 74.704956
91.910828, 90.277168
94.960358, 99.300636
40.415878, 40.127079
103.923187, 107.186127
97.255882, 96.907028
95.020653, 94.125778
95.684219, 94.860832
83.387383, 83.153870
103.173599, 104.297363
147.338013, 151.898697
93.307518, 96.445290
72.520317, 72.944260
97.535698, 97.725578
89.525589, 89.805573
49.636307, 49.861652
198.645126, 198.039078
88.179008, 87.094955
74.000450, 74.055801
96.948090, 96.089760
143.492493, 143.006912
256.260895, 225.619354
90.867592, 91.470879
74.388100, 76.038223
43.458740, 44.965191
73.987137, 74.642509
96.689468, 94.160538
345.912811, 339.583740
95.043427, 94.051727
89.479172, 88.789627
88.752487, 88.868927
48.254787, 49.425701
91.426498, 91.025642
57.332855, 67.018883
92.386795, 92.520462
95.361725, 95.495201
47.590717, 48.696140
183.755692, 182.512939
73.977280, 74.616081
73.571404, 74.124962
49.396267, 51.051586
67.700035, 68.467285
176.960663, 176.925919
93.109245, 92.784142
98.525307, 98.476395
93.059776, 92.974960
266.502869, 268.994354
89.674377, 88.747833
87.630234, 87.106903
88.720222, 88.269730
73.906044, 74.152931
74.192322, 75.182007
49.740280, 52.500332
70.662209, 72.540634
166.164825, 168.575729
73.883423, 74.011810
87.337143, 85.698883
95.874908, 95.612045
699.837524, 350.491302
199.234787, 187.952164
99.020660, 98.795937
98.247841, 97.996231
85.878967, 84.813492
175.761017, 179.296585
182.501862, 171.138077
128.690506, 120.615326
39.905323, 41.888470
91.938217, 91.615723
109.490204, 109.164169
99.382240, 98.393105
98.606247, 98.626389
94.855568, 94.530930
200.064209, 201.804245
49.141586, 50.844574
95.899300, 95.725136
90.568008, 89.869804
87.258347, 87.267517
44.828663, 46.650433
143.440445, 140.361176
144.445251, 142.527725
91.392105, 91.526695
91.644608, 89.672134
97.042145, 96.579102
93.602097, 92.510590
81.831451, 80.763252
87.161446, 86.480576
96.045883, 98.381561
88.741226, 87.465256
94.846626, 94.665665
90.064178, 89.725647
49.670853, 50.805965
97.068306, 96.793793
356.815948, 350.461151
73.070801, 73.916916
143.967300, 136.284714
87.092270, 86.037781
90.317673, 90.111298
36.835125, 38.033779
106.674660, 106.556839
69.068695, 68.650551
91.731995, 90.506424
47.816196, 48.751957
97.887054, 96.742615
238.118698, 236.492172
94.392288, 93.137222
109.773399, 105.810822
48.734009, 50.355114
43.263863, 45.166340
147.400833, 148.144302
80.714737, 82.216125
48.332626, 50.250343
48.288166, 49.283195
376.349762, 323.901428
69.679741, 70.306961
74.352394, 75.374634
68.566193, 67.494431
95.505394, 94.163666
47.642292, 48.093529
102.385071, 100.848625
97.975311, 97.233139
49.601978, 50.301697
97.600838, 98.426193
73.785667, 73.788834
34.607338, 35.566299
88.543846, 88.000641
27.567776, 32.461300
73.734825, 74.372902
95.078987, 94.541397
103.360153, 108.112000
199.923782, 196.591049
97.216240, 96.700951
48.891712, 50.356537
97.750366, 97.299576
84.047104, 82.507065
70.126526, 70.104950
99.397789, 98.907455
97.413673, 98.458038
290.118317, 309.684875
98.824471, 98.952164
74.311569, 75.017746
109.115166, 108.971954
95.399864, 94.316071
98.133125, 97.983170
47.596455, 49.333706
96.993805, 96.295822
48.171383, 49.261070
73.242081, 73.933609
89.208054, 87.999046
115.659187, 114.975304
93.224182, 91.594238
65.956818, 66.238213
94.073433, 93.245956
69.971672, 70.052704
95.280457, 93.864067
88.480705, 88.133606
93.303917, 92.535683
64.023163, 65.390335
89.103172, 88.906876
98.949402, 98.194847
163.708893, 169.757767
110.924721, 106.818146
86.524948, 85.698944
48.737835, 50.768002
73.503479, 73.309517
46.858864, 48.193653
216.501144, 213.898880
97.361603, 97.234772
48.937431, 50.427227
93.585945, 91.873993
92.797478, 92.516190
49.167702, 49.982250
233.688065, 225.517654
96.898361, 96.093613
219.267441, 210.913315
94.334297, 97.298889
93.690300, 93.500443
48.050312, 48.484428
73.979210, 74.088150
145.262329, 144.393082
97.215248, 96.510857
46.800373, 47.712208
90.532845, 89.193039
49.481670, 50.378292
94.676682, 94.502625
194.218353, 175.767166
76.635040, 73.662735
220.704834, 223.327866
372.124176, 360.797974
87.571800, 87.077507
89.859222, 89.475021
89.785172, 89.875244
95.543167, 151.648636
171.693970, 168.881027
94.193558, 93.719559
95.171295, 94.185410
88.143150, 87.461380
92.519745, 92.017563
73.785881, 74.343155
98.965538, 99.427048
72.849342, 73.364700
146.904999, 145.305649
98.612030, 98.397980
211.330414, 213.175827
91.964401, 91.012917
86.924324, 86.932106
495.174591, 366.213440
49.664886, 51.381580
185.010254, 182.722260
93.046532, 92.368980
108.614395, 109.315628
69.770668, 70.748711
86.868034, 85.871529
80.806717, 80.586304
83.313385, 82.750801
73.735718, 73.854675
90.892326, 90.316689
48.845497, 50.499989
81.418556, 81.104233
206.718750, 218.596359
47.380772, 48.458118
92.815491, 91.900085
179.003677, 180.406876
71.573769, 73.096588
143.435104, 140.814407
69.986656, 70.857994
92.982582, 93.033875
172.757874, 156.329590
56.461338, 57.364857
95.703163, 95.191116
234.112686, 232.590240
158.767593, 161.342636
202.726273, 211.300461
146.324570, 147.132309
45.788258, 47.004959
42.622986, 44.852451
567.129761, 350.997528
47.299171, 48.440006
211.025055, 208.939346
95.719917, 95.530602
90.941078, 90.923828
47.591660, 48.696209
143.093262, 144.427750
73.474548, 73.440704
301.139648, 307.070435
47.715553, 49.157078
45.784035, 47.352612
74.062645, 74.959610
49.302074, 50.817879
91.690140, 91.354797
94.882103, 94.226959
173.005981, 172.625900
235.049515, 236.466660
337.473663, 336.456299
72.965508, 73.737488
153.180283, 153.115143
70.612457, 70.731926
94.331482, 93.716400
71.546082, 72.777733
310.271423, 298.032745
49.752831, 51.248402
87.426086, 87.237221
45.422134, 44.368362
96.864441, 95.282181
88.917213, 87.837982
72.139534, 73.096077
223.968246, 224.920090
98.581131, 98.302826
49.451744, 50.720753
72.528381, 72.890526
90.048584, 88.817245
94.855629, 93.967422
232.369064, 237.248032
95.411118, 93.830292
74.404106, 75.480858
43.362530, 47.292439
48.257584, 49.302357
99.035225, 99.323654
98.956497, 98.214508
146.507156, 147.618790
69.624840, 68.965790
71.291824, 72.475746
90.954590, 90.518433
96.705818, 96.075821
98.090958, 98.040604
73.609879, 75.006149
93.882088, 91.659897
88.784302, 88.812119
71.635315, 71.781403
91.084892, 89.966606
93.658424, 92.747505
82.295837, 82.381302
90.041954, 90.592033
160.826447, 163.108322
73.781036, 74.343636
334.738770, 333.676422
66.559288, 66.978958
144.857895, 143.311478
205.360153, 204.377151
94.298958, 92.993973
93.597572, 92.270363
47.774231, 49.216259
169.934021, 165.281860
151.156708, 149.940918
44.371521, 47.188499
94.803619, 94.265808
188.009399, 186.178497
96.931259, 95.529846
95.232475, 95.149689
48.186642, 48.420765
97.917084, 97.264038
93.278961, 92.222366
376.158569, 336.697754
98.307335, 98.281563
94.885658, 94.022011
96.418320, 95.976944
97.080528, 96.241661
49.599976, 51.425930
90.029930, 89.804039
98.766685, 98.521683
115.011795, 115.075699
43.765636, 45.220486
544.632568, 359.554688
95.681389, 95.574692
93.305367, 93.249786
367.442871, 300.254913
214.960434, 215.813461
64.657303, 64.866501
73.330009, 73.964401
93.729424, 93.170914
165.748901, 171.808792
193.182236, 189.826401
385.153198, 368.397186
93.990059, 93.253807
97.092003, 96.632614
337.695892, 342.902405
98.712074, 98.368286
92.388588, 91.372894
95.542145, 94.973877
95.441650, 95.485916
67.824112, 68.728172
147.126785, 144.885818
62.198959, 64.081604
111.578430, 112.215317
48.974567, 49.492756
66.214630, 121.612244
46.469196, 47.755169
96.359810, 96.185410
99.083778, 98.420052
93.483719, 93.094376
81.606583, 81.023529
106.337685, 108.165161
141.986038, 140.064346
94.405602, 93.415649
27.259371, 27.711855
169.736526, 160.133301
96.386292, 95.679337
93.572365, 93.190147
68.148537, 69.286934
146.353058, 146.836990
94.727585, 93.898888
238.402054, 236.176102
73.597305, 74.305382
47.187019, 47.985737
78.339745, 77.094025
73.337120, 73.665031
47.774124, 48.835964
98.883553, 98.340630
98.689621, 98.518044
73.533081, 73.609505
93.965431, 100.215874
185.871353, 193.471558
67.526962, 67.910767
210.667374, 200.604630
45.413490, 46.688076
47.615623, 48.608158
49.423889, 49.866261
146.836273, 150.148743
90.777946, 91.309738
87.113060, 86.436615
146.947998, 145.848358
93.161507, 92.420044
73.426636, 74.145454
44.852734, 46.008892
39.850288, 42.552212
74.185204, 72.143555
174.647110, 169.090500
90.642525, 89.772156
110.984421, 112.636856
94.789352, 93.767593
70.591042, 71.143311
97.620880, 96.413948
98.739235, 98.282806
72.436768, 72.413986
190.563232, 181.863266
47.480438, 47.911510
44.388611, 46.405621
49.119846, 50.917706
125.912834, 125.454117
97.513565, 96.984726
146.038681, 153.217789
87.615356, 85.762039
48.327686, 49.436710
98.831306, 98.795486
87.221275, 86.652855
71.988060, 72.021713
92.572525, 90.940353
96.732697, 96.316650
67.519196, 67.756622
73.003319, 72.712502
89.705498, 88.089966
190.781494, 188.955368
73.000587, 73.940323
92.037857, 91.168396
47.617672, 48.637627
91.590431, 91.135757
145.200928, 143.070755
143.437378, 131.689987
94.524269, 94.132736
151.787125, 146.530548
110.921204, 106.822372
48.891029, 49.746140
49.481884, 50.378517
95.099380, 92.704483
90.956375, 89.927399
72.302826, 72.549095
49.696461, 49.909184
105.856850, 106.953156
315.606293, 307.036499
326.534790, 315.463104
73.239143, 73.418304
91.466393, 90.676361
96.028419, 95.324158
87.370613, 85.983109
93.822777, 93.601410
168.754059, 163.585754
92.450790, 91.852188
86.336342, 84.892120
74.238960, 75.067101
93.666954, 92.606308
88.557022, 88.073967
95.113548, 94.889862
41.673580, 43.244755
97.360703, 97.076706
91.254715, 87.972214
141.614319, 136.639832
73.303978, 73.806671
49.278481, 49.901711
96.620087, 95.548035
94.374817, 94.126999
87.153221, 87.755531
99.596710, 98.777107
85.819771, 85.467911
98.200928, 98.346756
71.243843, 73.769424
73.611053, 73.803230
73.516220, 73.917366
93.931259, 92.562759
185.440170, 181.014252
46.068375, 47.517879
93.145515, 92.476639
99.249489, 100.867859
105.581451, 107.977280
90.486023, 90.572388
98.262474, 97.815018
96.909462, 94.787796
74.465599, 75.371155
92.869781, 92.010605
70.082138, 69.735062
36.213951, 38.842243
88.642029, 88.938377
83.529800, 81.902496
43.698647, 46.903198
84.761284, 85.451180
93.424347, 93.380882
93.314316, 93.773132
92.413979, 92.718689
92.991608, 91.920441
83.653343, 85.375298
47.712833, 48.898823
327.626892, 336.656067
46.872524, 48.133045
48.588661, 49.673336
161.059967, 165.768845
90.397614, 89.532837
170.948181, 168.593018
137.551575, 132.349426
47.477386, 48.662880
94.922501, 94.814209
97.912605, 97.275536
97.836731, 97.500664
143.797852, 146.195221
385.563599, 356.918365
99.153404, 98.400620
85.666527, 85.298164
198.220215, 200.409393
95.950409, 95.354416
46.858299, 48.193913
68.721542, 68.080513
94.434982, 95.064117
96.002708, 94.237915
98.914238, 97.924438
137.937164, 137.780441
90.928658, 91.174515
142.392746, 143.506516
74.353416, 74.733032
97.768517, 97.360931
95.002296, 93.807724
64.944641, 65.380463
48.914795, 49.860577
74.526253, 76.276337
73.693756, 74.756187
94.712296, 94.394089
94.708511, 93.647324
97.247490, 96.123413
45.786201, 47.004887
110.182281, 111.517326
232.531876, 233.709671
107.644890, 107.051422
93.847755, 93.300896
196.101807, 195.180374
73.589691, 74.586174
89.598442, 90.016876
96.192009, 96.240402
82.397560, 82.742020
98.865372, 98.203461
47.909641, 48.968971
220.520874, 220.160919
284.381134, 247.883774
116.410782, 109.013519
95.980530, 95.298492
334.009003, 330.100861
178.601471, 174.302307
256.478088, 268.078735
231.814621, 232.270294
141.205276, 138.170731
74.315887, 75.516510
97.478256, 97.131378
95.060951, 93.819077
93.666534, 93.410110
93.152390, 91.277756
41.180393, 43.881882
143.232895, 141.821976
98.435699, 97.986282
89.124451, 87.525467
210.536331, 223.183350
160.425552, 167.596893
72.074059, 71.638733
321.716949, 316.819794
85.094139, 84.899025
140.842194, 127.455162
95.583290, 95.831535
94.267853, 93.681839
70.116447, 70.878525
71.767265, 72.090378
72.329895, 71.783218
98.939606, 98.743256
96.379700, 95.006699
49.211334, 50.426739
159.772400, 162.575653
94.621109, 94.678391
156.733109, 162.171555
180.525314, 173.356827
96.107094, 97.057724
97.890175, 97.573959
96.693039, 96.032669
28.976730, 28.770098
92.391769, 90.185539
83.525276, 82.335426
391.144196, 346.667725
43.844036, 44.068623
93.438629, 93.069305
190.224091, 188.421387
67.752136, 67.535942
96.073448, 96.269836
193.980148, 189.563614
257.386017, 219.055222
338.839752, 333.869110
145.310791, 145.265976
98.964668, 97.850182
98.362335, 97.815102
195.306122, 192.753433
241.015701, 242.580414
95.562561, 94.837196
72.814972, 73.519043
73.895454, 74.537239
149.847778, 153.762497
47.870766, 48.531197
99.166718, 99.867188
291.664551, 294.444183
87.886703, 87.724525
90.985657, 90.859451
96.353180, 95.844070
93.160202, 92.644974
89.487640, 88.238243
137.495163, 137.702118
92.673737, 92.887512
94.409622, 93.926239
116.937347, 116.923431
143.923370, 148.255814
66.703201, 67.587936
89.115349, 88.359894
49.283436, 50.809517
95.835472, 95.467949
95.773582, 95.100983
88.990128, 88.471321
219.944641, 231.981339
95.689331, 95.771004
79.740585, 78.092346
91.840675, 91.294632
74.119255, 74.143707
81.390419, 84.122147
99.133141, 99.682755
292.130371, 307.068604
116.705376, 114.583847
96.653328, 95.997742
168.059494, 171.935074
140.820068, 138.423462
284.875458, 283.545471
236.742111, 232.918106
45.594360, 46.308304
97.774147, 96.925598
99.598000, 98.578667
143.633591, 147.323044
47.284084, 49.214642
72.651299, 73.977997
88.047691, 87.520309
89.999886, 89.269821
148.667114, 144.971603
92.235245, 91.652100
92.381081, 91.694496
92.101425, 92.662849
224.069595, 224.632843
96.047028, 96.198441
46.658440, 48.130768
47.953041, 49.229877
42.026684, 43.077099
194.397537, 183.553696
89.991135, 89.206566
99.175163, 98.546295
73.527229, 74.032288
73.381233, 73.360939
37.042137, 38.669518
74.192406, 75.132019
48.310497, 49.402889
16.562300, 18.921932
94.045258, 93.620010
216.042999, 216.086807
99.101151, 98.317703
99.259712, 98.567818
44.002197, 43.742817
94.697769, 94.399719
48.171974, 49.260960
73.260544, 73.050667
92.320396, 91.563988
97.787193, 97.785446
48.644028, 49.785080
96.086922, 94.495255
161.215439, 160.551910
233.581726, 232.165451
135.056137, 74.705353
85.775421, 85.184204
99.064056, 98.378098
73.393158, 73.047707
228.680176, 227.285538
174.144363, 175.942581
98.688713, 98.679337
48.857353, 50.477257
106.270699, 108.559326
43.527191, 45.109871
114.957970, 113.838745
95.023315, 94.816742
71.990028, 72.322601
72.374947, 72.794418
93.069885, 92.739891
187.247818, 186.347977
146.756485, 146.073395
96.734161, 96.616119
47.174484, 47.783123
31.962721, 31.226036
88.140694, 87.336143
98.517212, 98.572922
94.175209, 93.642181
158.523682, 149.310410
160.692078, 163.596329
203.128967, 199.539169
139.416367, 137.345383
49.240986, 51.563290
72.515709, 72.984238
97.001221, 95.440567
84.331413, 83.773506
140.915497, 126.977966
98.708847, 98.492493
110.008469, 113.905769
34.536877, 33.170475
96.905121, 94.701157
72.330734, 72.610367
193.726791, 193.598236
90.711044, 90.271698
156.863632, 159.030685
45.491547, 46.940250
96.225105, 95.647324
90.864853, 89.818344
168.747345, 162.996780
146.073334, 143.506027
96.272980, 95.712616
45.722767, 46.622890
158.900269, 144.824921
94.910904, 94.631104
96.574020, 96.844421
91.891846, 91.415497
164.969345, 160.367508
139.746078, 142.009308
97.650414, 96.948685
88.488907, 86.711533
96.999367, 95.496178
92.256287, 91.651215
145.060623, 142.812820
94.885269, 94.405045
32.900261, 33.997910
85.200378, 85.834854
110.180130, 111.516846
96.643280, 96.525032
92.017136, 89.989243
73.913124, 74.315269
83.417549, 81.486465
73.466484, 73.502480
262.505035, 289.299530
94.841049, 92.864517
146.358337, 150.078293
96.153305, 94.316589
71.019684, 71.902771
208.121323, 204.111160
98.068176, 98.077599
86.463142, 86.707100
122.780479, 119.878098
201.655350, 204.625244
90.242104, 89.207588
82.123367, 82.225708
99.019188, 98.051956
95.998322, 95.988358
91.099251, 90.456406
171.458527, 168.608978
153.692673, 160.084549
85.125053, 95.105072
73.070625, 73.951462
89.861191, 90.181183
74.074326, 74.609222
199.568497, 186.982605
94.496132, 93.337830
237.438293, 236.661163
209.186325, 207.486282
266.056702, 263.194794
112.617935, 111.756187
48.631622, 48.975929
98.882072, 98.389709
89.188095, 89.209595
223.873947, 225.610092
95.295593, 94.626862
48.421970, 48.993576
96.275963, 95.340996
49.601856, 50.300900
143.908615, 142.341019
73.828560, 74.969719
133.727249, 135.460007
440.644531, 331.110382
98.410713, 97.995758
131.965057, 135.263824
97.597717, 97.134705
92.635628, 91.193138
155.697189, 158.662292
90.947075, 89.798492
95.704720, 95.344513
90.323181, 90.411362
45.830555, 46.661884
69.900925, 71.760918
106.897369, 104.992218
73.485771, 72.987427
97.093292, 96.988159
91.015137, 90.342659
94.155159, 93.973289
86.464783, 86.725822
25.651102, 25.629259
135.049728, 131.161179
88.697014, 87.882904
98.412216, 97.445656
146.135544, 146.633606
88.347099, 88.338440
73.233215, 73.841431
47.896942, 50.392910
97.006226, 97.348389
94.784767, 95.121460
224.340057, 227.607437
98.473267, 97.917908
168.486694, 163.530670
144.790436, 145.039047
224.760345, 223.892273
103.129051, 111.759171
96.753578, 96.220543
268.604462, 270.652374
94.559921, 92.374039
90.990776, 91.425873
90.159828, 89.917328
147.684097, 151.458603
74.031418, 74.314720
96.700584, 96.552376
119.898491, 127.501358
96.743652, 95.980942
220.336609, 222.482803
180.919830, 227.013168
96.175774, 95.784622
97.487389, 96.953659
98.423950, 97.428535
579.833618, 349.890228
93.574127, 92.475037
74.289169, 74.732620
98.613533, 98.222641
97.922661, 96.928619
97.156570, 96.432587
392.357574, 363.332306
94.088379, 93.334457
90.893105, 90.579636
91.726822, 90.836922
40.788727, 40.996571
94.149429, 92.226120
103.173767, 104.294800
89.975372, 99.940689
95.278526, 95.263741
108.401657, 109.680489
73.121437, 73.855453
74.219788, 74.592499
98.863220, 98.201416
185.836304, 176.108521
95.876175, 95.685638
157.897415, 162.187622
90.785988, 89.178696
307.312927, 313.309235
109.390953, 109.281570
85.262405, 83.222015
97.757805, 97.536163
325.986481, 329.940399
49.600113, 51.425152
44.857849, 46.724682
89.906151, 102.611694
97.130028, 96.182510
72.680199, 73.311478
142.381744, 142.441833
115.018387, 115.075645
100.741455, 100.852814
335.793121, 334.731720
193.455612, 192.142990
49.396358, 51.051567
145.561554, 144.999649
69.697777, 69.229660
48.734028, 50.150295
30.925991, 34.337864
94.893326, 93.313194
41.863480, 37.911831
276.599976, 215.173996
89.592026, 88.648224
79.958473, 77.546593
90.302582, 93.420456
70.939224, 72.243607
90.619698, 89.915573
104.695168, 105.793961
92.229317, 90.528824
95.002182, 93.885498
114.598373, 112.830093
97.468117, 101.010895
338.356689, 335.573517
43.523182, 43.542850
47.502705, 48.421909
90.395416, 89.499695
99.389236, 99.009979
97.496536, 97.290115
93.626358, 93.072433
294.693024, 269.531586
71.605911, 71.138329
146.397705, 144.716492
90.144478, 89.484093
76.835266, 80.492195
142.263031, 143.001633
90.794670, 87.260895
91.692024, 96.057198
85.780708, 85.651337
72.310326, 72.525475
194.892868, 193.085831
202.172852, 204.434723
137.988739, 140.114212
74.010017, 74.942261
93.551094, 91.952553
48.127171, 48.482277
137.730438, 136.096024
92.630623, 80.432297
181.986115, 181.432571
95.683937, 95.059143
73.351021, 73.350891
97.370728, 95.631470
49.507847, 50.165119
220.010818, 220.449234
199.833023, 200.980545
73.844437, 74.242889
89.275917, 89.711136
141.711044, 144.280228
168.653275, 142.596970
99.081558, 98.161484
90.586601, 90.035126
90.382668, 90.345825
97.732918, 97.786316
98.055382, 97.778427
325.875275, 330.261505
99.639214, 98.969231
220.969574, 225.098648
94.789764, 93.669647
48.841465, 49.601494
49.536495, 98.246597
760.421204, 359.548798
98.010178, 97.068115
97.476593, 97.381210
72.691040, 73.938255
97.102676, 95.400558
202.228363, 205.408493
48.846035, 50.500576
47.974037, 50.324078
168.912155, 156.479355
49.423878, 49.866261
89.470589, 88.792847
87.054176, 86.145462
93.843109, 92.413437
47.216503, 48.417248
95.942596, 94.795677
183.069962, 185.731735
65.542702, 66.177460
94.412086, 93.895836
95.389374, 94.615738
90.395035, 91.382904
96.795410, 95.234138
49.636318, 49.862125
48.158470, 49.642143
97.601189, 96.966797
69.303711, 70.264359
74.312889, 75.172913
98.509987, 97.801575
338.843018, 334.340485
142.151596, 143.801880
92.474976, 91.264328
98.253540, 97.788605
74.462982, 75.440140
95.701591, 95.038040
73.688599, 73.796913
92.313919, 91.077805
92.492409, 92.356232
63.494804, 64.626846
92.775063, 92.589912
47.648762, 48.934879
48.683880, 49.666069
147.780182, 150.067245
95.159462, 94.316162
98.453979, 97.866165
302.666046, 283.102753
74.004868, 74.115913
115.065811, 115.019272
95.040497, 93.588768
93.816132, 94.000359
98.686958, 98.875298
47.615349, 48.608158
70.230133, 72.162506
86.704956, 85.655090
181.430237, 183.099564
85.103142, 84.928398
94.886429, 94.405319
147.726791, 148.764404
167.350510, 167.710739
87.740189, 86.551582
102.702995, 102.616356
92.249374, 92.272842
73.720131, 74.519989
95.168182, 95.551140
115.768730, 112.756805
111.233521, 110.412682
214.481537, 209.125137
96.126854, 95.550331
92.204674, 91.980782
232.853989, 233.273575
71.362221, 72.791840
89.209473, 88.662323
170.887238, 161.548904
90.598923, 90.401543
96.599510, 96.084946
92.093254, 90.931602
71.311951, 71.651855
53.387527, 51.467327
215.320587, 218.984161
71.297386, 73.236801
34.599087, 35.359058
47.554634, 48.798481
48.198341, 49.911682
115.010765, 115.075905
314.301636, 320.513519
98.610245, 98.799850
93.758713, 93.232788
184.960449, 176.602066
103.879959, 105.733658
85.219749, 84.239716
98.073959, 98.340271
49.311718, 50.862255
150.533768, 145.148575
95.581215, 93.651840
102.148621, 100.701675
87.947388, 87.963448
231.678696, 228.777969
124.134644, 129.618576
49.332500, 49.829308
85.472733, 85.945862
92.072357, 92.003403
49.086052, 49.994129
568.687500, 360.409149
73.832687, 73.710419
97.513580, 95.764473
338.515015, 345.630432
48.389454, 48.115700
89.490265, 87.743141
88.730682, 88.354233
94.188354, 93.253433
47.657066, 48.641430
91.643578, 90.367989
69.176277, 69.087906
92.711746, 92.194138
200.506668, 199.951523
70.411568, 71.776352
108.051064, 107.819366
73.855232, 74.402954
49.409870, 50.272930
44.722748, 47.163845
329.666443, 332.897797
304.225159, 286.209564
99.042747, 99.304245
48.526649, 49.496410
92.634834, 91.574341
84.880028, 84.916290
109.597244, 110.760452
92.071167, 91.691742
44.667595, 46.593460
93.668640, 93.377327
119.812164, 119.290955
147.487762, 152.252121
48.527039, 49.967190
96.604149, 95.511757
46.427807, 47.767193
49.724758, 50.942368
93.912369, 93.817886
142.089859, 141.279114
96.560341, 96.147385
95.870903, 95.103287
212.685349, 217.499680
65.302979, 65.812408
118.304962, 122.343224
46.059975, 46.047009
27.806982, 27.894934
215.958267, 209.625473
91.977272, 88.178055
46.641029, 47.935379
93.932922, 93.657227
139.385437, 138.790451
95.426208, 94.807518
195.490417, 192.384735
70.089554, 70.891953
74.356682, 74.689400
48.937225, 50.426739
106.128044, 106.523026
69.021851, 68.261597
74.122147, 74.278648
87.952354, 88.446877
99.147621, 108.346649
80.858170, 79.999634
92.451324, 91.219604
49.740360, 52.499374
111.567680, 112.216736
88.473839, 88.906647
74.164459, 74.867569
70.063065, 70.785744
67.677719, 68.542610
164.191437, 174.632431
96.039528, 94.163315
111.573448, 111.561600
97.831070, 98.053070
44.340565, 44.990940
92.761528, 92.420227
44.088459, 44.235283
46.909660, 47.866932
97.917076, 97.751167
92.907341, 92.102226
181.607437, 185.351151
73.524986, 74.585258
210.404205, 205.125214
49.634560, 51.187172
146.713440, 143.695435
186.677444, 182.522202
71.951927, 72.962662
141.444061, 135.759537
430.224579, 314.221283
48.715923, 49.938030
178.279297, 166.269455
95.267982, 94.624374
160.222290, 88.642792
97.155418, 96.497162
47.298908, 48.440006
102.477127, 105.210030
219.088501, 218.553879
82.906448, 84.877335
68.530579, 68.439018
37.092762, 39.968166
92.131271, 92.080963
46.931713, 48.165962
49.809750, 98.911224
139.078644, 139.447922
48.557041, 49.307423
149.236725, 148.161301
74.305359, 74.592178
214.586563, 211.131882
95.437141, 95.424606
96.297104, 95.740898
97.665665, 97.449600
49.602013, 50.301739
72.981079, 73.326347
96.643463, 95.341118
97.095894, 96.523483
90.596863, 90.207291
72.531082, 73.748016
92.784805, 92.669922
97.142464, 97.091721
88.283638, 87.610626
96.980698, 94.935501
49.453320, 49.813427
92.694229, 91.348251
92.251640, 89.901848
45.831459, 46.661884
315.770081, 322.277039
97.514595, 96.792542
338.352203, 335.810822
173.053131, 159.665298
93.250496, 92.509377
93.822754, 93.028366
73.013062, 74.022812
169.141159, 165.924286
113.400818, 113.664116
141.742493, 135.468811
86.538544, 85.032288
69.325615, 71.003563
200.886948, 209.360291
71.847176, 72.481613
299.380402, 276.514130
74.011795, 74.108505
97.627655, 96.970024
73.620697, 74.220261
93.542198, 93.128052
143.461609, 144.157181
49.332851, 49.829456
157.392731, 158.521317
99.121605, 99.074005
96.048492, 95.945862
72.812157, 72.660530
99.121010, 99.349907
174.446777, 179.989670
72.898338, 73.371193
127.349655, 133.044540
90.557587, 89.942871
91.886467, 92.423920
90.868736, 143.236511
73.740723, 74.003342
139.900269, 135.859390
67.078484, 67.721481
73.670609, 73.366791
140.978775, 138.501144
73.256958, 73.461967
93.726555, 93.578156
339.452820, 338.987579
79.930084, 77.919220
47.656906, 48.641430
278.214264, 243.942581
228.997559, 224.693878
45.246662, 46.189705
238.711914, 243.803299
97.530235, 96.065079
211.597443, 273.922852
139.763580, 123.932999
49.424351, 50.981094
119.850716, 114.434189
93.596291, 92.574936
160.302536, 165.700623
87.455421, 87.327362
142.651276, 141.469467
37.505203, 40.297352
95.326965, 94.756500
577.620789, 359.720612
91.356552, 90.997955
95.215652, 94.311295
67.587189, 67.796097
179.551971, 188.560837
73.737991, 73.926712
313.655090, 288.176300
47.757290, 47.510239
106.275780, 108.559372
106.142097, 105.601921
140.130417, 141.940628
88.632057, 88.548203
48.333179, 49.879246
49.010929, 49.804157
96.140434, 95.585434
91.850449, 90.919312
84.934952, 84.544098
49.724880, 50.942036
90.563950, 89.939499
217.120621, 218.560638
96.863556, 96.907516
82.100006, 81.247040
72.796677, 73.993378
83.125160, 82.739655
74.062744, 74.384644
203.128357, 194.169525
97.146004, 96.539017
145.744690, 143.331894
376.618652, 308.471802
47.343498, 48.395161
303.948120, 280.647949
369.790680, 346.585388
183.686462, 190.509003
97.085114, 96.050819
172.177414, 175.604584
49.169273, 50.631943
91.039482, 89.149567
61.196659, 57.052670
97.465286, 97.208710
87.238167, 86.391052
88.887512, 88.646370
71.725136, 72.244720
96.556747, 95.517197
38.022617, 40.493393
73.601852, 74.570915
188.735199, 187.655624
201.663696, 210.144745
49.423683, 49.866261
97.713463, 97.371765
74.351067, 77.338234
93.652832, 92.633087
220.984283, 228.619858
74.318985, 75.292145
95.744835, 94.585754
94.550529, 94.440071
86.304039, 86.723175
69.455338, 70.855820
219.675476, 184.124115
187.501724, 188.146393
45.519867, 46.603916
99.390541, 98.556854
74.630333, 76.001801
96.187309, 94.895485
43.525585, 45.110058
98.783684, 98.079895
98.692207, 98.521820
146.000168, 147.965973
46.476566, 47.765102
49.360077, 50.151028
74.043381, 75.041595
98.656227, 98.271667
163.975601, 170.097076
182.097717, 158.622910
82.895638, 83.889389
93.843925, 93.571098
71.419350, 72.129974
87.163506, 86.703651
93.428612, 93.530685
65.410187, 66.905487
103.697533, 103.204979
89.324554, 89.873726
280.577026, 317.965790
289.919800, 264.414795
73.499344, 74.572983
94.783562, 91.167007
91.902321, 91.198456
74.138626, 75.360985
70.346840, 70.431458
167.565765, 171.863541
96.424904, 95.155472
361.766510, 315.292725
73.897186, 74.318512
91.710876, 90.193626
71.265640, 71.581245
49.299587, 50.407257
72.822075, 73.063217
74.970909, 67.235855
74.011818, 73.803482
25.484287, 26.408518
93.263527, 91.684982
102.708229, 102.616562
47.534832, 49.143070
68.483719, 67.998108
208.919586, 207.571854
147.342926, 145.849564
389.470581, 350.761505
47.217766, 48.417397
148.886505, 127.680832
95.332573, 94.691650
95.301086, 95.269417
42.911304, 44.401154
96.255836, 95.144363
98.058044, 97.228264
73.416466, 73.670761
74.346153, 75.134216
89.600357, 88.617195
92.432320, 92.472397
49.654961, 50.768559
73.001282, 73.290619
220.783295, 227.189331
71.937218, 72.290588
71.111542, 71.857407
98.225166, 97.919464
95.246742, 95.237152
163.071274, 162.249710
99.468750, 115.972290
194.422577, 190.870499
97.343002, 97.028870
222.236221, 225.380569
170.968353, 177.686844
89.292595, 89.183617
98.133858, 96.760971
93.255157, 93.116592
96.498077, 96.209366
98.646523, 97.430183
90.601952, 90.383743
40.913769, 43.033527
96.725410, 96.342865
165.560669, 163.461044
48.546547, 49.739849
86.583618, 86.626541
116.615685, 114.686005
82.319496, 82.469063
47.393990, 48.198315
73.246864, 73.288620
219.079971, 238.894623
95.271515, 93.955078
183.208359, 179.635925
107.804672, 111.490616
35.367546, 33.282001
85.338333, 85.452927
92.771202, 91.905365
49.003738, 49.946583
95.355537, 94.747261
96.014534, 95.891731
95.921112, 95.245789
230.519073, 231.750351
94.473930, 93.114937
90.974678, 91.402718
146.590134, 143.723557
237.816315, 236.638077
47.380188, 48.124832
89.158218, 87.468575
175.558151, 181.189697
223.850128, 224.175461
96.186722, 94.278633
334.745453, 336.271179
186.857086, 185.281509
287.347046, 264.807159
71.780846, 73.116119
93.147781, 93.328934
92.185677, 97.030548
92.391022, 91.584686
97.731537, 97.531586
64.476364, 65.633011
73.942810, 74.087051
182.532028, 176.994064
97.926743, 97.623444
48.481705, 48.772346
91.843384, 91.579681
143.893982, 142.855530
73.658852, 74.145210
16.563936, 18.922318
93.828987, 91.925362
92.117294, 91.354858
72.662949, 73.065048
98.678482, 98.328369
73.888313, 74.615540
180.010620, 175.615250
97.488342, 95.759453
94.830048, 95.204178
46.978012, 47.910740
94.404488, 93.051376
170.612076, 178.821747
88.554565, 88.328598
49.562767, 51.406521
99.386055, 98.776413
45.722847, 46.852818
93.886642, 92.945724
96.419624, 96.247253
99.167023, 99.329880
71.391197, 71.635040
234.017838, 240.452087
99.339981, 98.435310
37.913139, 38.344318
49.094730, 50.095097
87.731636, 87.829956
93.393127, 92.995880
47.852966, 48.923336
85.524780, 85.786743
96.871643, 96.696625
99.568954, 98.884102
142.786880, 141.866043
98.792374, 98.282211
91.048424, 91.269142
95.490395, 94.611534
80.217476, 79.978844
73.734863, 73.594925
62.859501, 62.765728
90.208900, 90.067719
94.079887, 93.142250
98.817970, 98.947388
96.112251, 94.084991
73.135429, 74.270370
90.511589, 90.409966
47.325569, 49.109631
46.526600, 47.704025
203.742874, 202.608932
211.773071, 213.262924
345.956604, 340.964478
55.535629, 53.501530
98.951828, 98.085907
96.763649, 96.303093
96.311256, 96.144615
69.713608, 71.034279
108.067879, 107.819267
94.689217, 94.049980
97.417412, 96.358978
84.655487, 84.890984
88.959885, 89.384949
94.554703, 92.861115
209.283585, 206.347519
97.469414, 101.267548
91.875618, 91.971634
139.869919, 137.618393
60.700302, 61.042210
95.446724, 95.398315
96.514420, 96.079453
74.335182, 74.571808
466.394073, 345.499939
47.956074, 49.635151
93.190193, 91.951744
110.177872, 111.516785
98.624008, 98.356491
355.684967, 364.857300
73.982605, 74.113808
89.456856, 88.848206
73.632271, 74.178337
92.904106, 92.189804
74.080238, 74.627670
64.259705, 64.401154
139.286606, 143.902542
92.629478, 91.880348
34.702255, 38.586678
72.744522, 73.092575
46.517937, 46.410172
91.218605, 89.762032
72.478050, 71.632454
74.237259, 75.111725
95.706360, 95.191139
47.657555, 48.641430
69.121841, 69.646393
49.149227, 50.100994
91.817894, 91.142899
92.206375, 88.098671
96.860001, 95.347137
45.047562, 46.199902
162.467377, 166.213425
73.679611, 73.694931
36.947247, 39.024494
82.027351, 82.000778
73.856216, 74.409897
47.123344, 48.580193
69.425858, 70.692383
91.259773, 90.730194
90.614983, 89.046570
93.705154, 93.341530
97.172096, 96.734100
92.386856, 92.005516
95.980164, 96.304588
144.959274, 116.174347
82.040085, 81.257477
89.568245, 89.306976
74.464661, 75.345634
366.527924, 323.291656
44.828003, 46.650646
145.052444, 143.777069
199.716660, 200.848969
98.225403, 97.765625
71.412819, 71.908165
90.657890, 89.797424
91.548035, 91.856018
92.890091, 93.060577
47.513737, 48.646236
83.992920, 86.938370
86.947334, 87.312668
82.715446, 82.745163
90.685722, 89.789612
94.388451, 93.731750
94.645470, 93.295471
73.221367, 73.412796
68.215599, 69.361359
96.135086, 95.951477
86.760048, 86.811363
286.689697, 283.378174
244.854874, 259.195679
40.271786, 41.402355
300.392883, 308.122772
95.683243, 95.600845
90.611366, 89.799248
93.051987, 92.603844
64.868706, 61.329315
96.661842, 95.217934
144.082596, 145.383560
98.303474, 97.675720
48.781223, 49.213253
74.056053, 74.989326
91.204651, 91.122131
89.141144, 88.858917
96.441849, 96.162132
148.738541, 149.983414
96.149773, 95.693810
89.688538, 89.272270
257.756287, 282.572540
81.455742, 81.905357
97.508995, 96.890869
73.871872, 74.499542
94.785980, 94.035141
90.197800, 89.471390
178.269928, 162.004181
66.353851, 67.423752
49.281906, 50.795254
96.680351, 94.582031
90.839844, 90.265846
98.623215, 97.959106
580.668457, 358.563538
64.885696, 91.051834
94.878128, 94.499184
74.028481, 75.166267
244.598083, 250.197922
88.047836, 89.025780
88.920471, 87.140442
93.228172, 92.798683
73.608551, 73.919464
87.771057, 87.445274
226.503662, 225.573746
98.977692, 99.298828
88.653496, 88.245285
74.548233, 75.637520
108.734192, 108.934914
97.695343, 98.143921
74.191811, 74.621216
141.247696, 139.567993
90.700195, 90.288193
369.978729, 352.853363
93.513702, 92.456100
98.427841, 98.358337
113.646988, 112.737549
71.256920, 72.518188
99.264442, 100.864410
351.499084, 346.579651
92.733269, 92.771423
44.240612, 45.973469
89.816261, 88.883087
94.536568, 94.319153
47.418476, 48.579075
98.120697, 97.341545
73.681862, 74.282158
94.069832, 93.131897
98.804291, 98.186203
46.781467, 48.101841
49.295063, 50.641338
47.590332, 48.696178
90.387825, 90.113235
89.538712, 88.631027
72.415359, 73.325905
67.947906, 68.213051
84.853134, 84.125610
308.218811, 313.676971
45.395973, 44.593212
89.203568, 89.330070
603.213318, 328.136627
94.897156, 94.946358
74.043343, 74.314804
73.999237, 74.835648
97.888443, 96.318787
96.757843, 96.098755
180.083679, 185.097580
98.795174, 97.937889
67.560394, 67.916618
47.537674, 47.218830
65.402809, 65.774536
49.332474, 50.185368
69.435265, 68.127441
46.067776, 47.517879
92.335442, 90.935112
96.926331, 96.608505
67.683609, 68.319611
109.761749, 108.509720
331.053070, 340.876343
72.780205, 73.707672
73.954124, 74.219131
49.241486, 50.316631
88.805542, 88.099838
68.563896, 77.872681
96.739830, 96.138412
73.899704, 74.607864
204.523697, 199.128281
94.393990, 93.137222
95.536179, 95.051163
91.837494, 92.677246
72.883614, 73.428040
98.660873, 97.822769
73.287575, 73.304703
68.640305, 69.034706
48.046223, 49.041767
84.737068, 83.502869
99.109566, 98.537140
305.871704, 303.956207
90.268608, 90.199463
90.271179, 90.376740
89.859261, 88.805740
143.469742, 144.726486
95.583412, 94.956909
98.506721, 98.665932
44.280067, 45.273174
151.955444, 141.430298
27.880352, 30.808821
49.069710, 51.033607
90.118088, 90.033539
147.267227, 151.315659
92.951820, 92.808090
47.215626, 48.417397
94.507706, 94.165405
494.127136, 367.225067
45.795540, 47.300301
37.709183, 39.450188
91.267975, 90.088272
49.740246, 52.499767
110.242668, 118.685112
93.577835, 92.998810
61.273594, 63.284267
90.907890, 90.233505
37.198128, 37.961681
228.349930, 227.973557
49.401684, 51.395679
96.796379, 96.591934
86.701134, 84.367142
238.491776, 237.619400
111.786552, 112.242523
